id,personal_data_id,fee,date_from,date_to
801,801,356978,2018-11-11,2022-05-03
802,802,27478,2020-03-01,2026-07-05
803,803,357460,2016-03-03,2022-08-03
804,804,335558,2016-08-26,2023-04-19
805,805,225081,2016-02-11,2025-02-20
806,806,412256,2018-08-26,2024-04-21
807,807,378290,2016-11-09,2023-11-21
808,808,352893,2019-05-04,2023-09-15
809,809,355427,2019-02-22,2024-08-15
810,810,16549,2020-09-17,2023-07-06
811,811,199457,2018-07-26,2022-05-19
812,812,136103,2019-09-09,2026-04-18
813,813,173383,2017-08-19,2026-06-21
814,814,138709,2019-01-27,2022-04-18
815,815,23675,2017-02-23,2026-09-27
816,816,322226,2018-12-27,2023-02-15
817,817,316166,2019-03-26,2026-01-15
818,818,124862,2020-04-25,2024-12-25
819,819,158340,2019-10-15,2025-08-01
820,820,149034,2018-02-08,2023-08-14
821,821,248540,2019-04-09,2021-01-09
822,822,294510,2017-07-23,2021-10-05
823,823,294576,2016-12-27,2022-04-12
824,824,62501,2020-12-04,2026-07-14
825,825,195475,2018-05-16,2021-03-18
826,826,39327,2016-11-12,2023-11-05
827,827,411951,2019-01-21,2022-03-10
828,828,199244,2016-09-15,2024-02-27
829,829,384916,2017-05-15,2023-03-09
830,830,435840,2020-01-15,2024-05-24
831,831,163226,2020-05-12,2024-12-07
832,832,225139,2018-12-07,2022-02-04
833,833,259034,2017-06-22,2021-05-01
834,834,227191,2018-12-17,2023-08-15
835,835,280899,2019-03-22,2026-06-06
836,836,86148,2020-05-24,2021-07-08
837,837,249511,2017-02-11,2026-01-01
838,838,34199,2017-07-25,2024-10-02
839,839,393363,2019-10-04,2022-03-12
840,840,362232,2016-11-04,2025-02-14
841,841,17535,2018-11-13,2021-07-15
842,842,96314,2017-07-10,2024-03-09
843,843,257052,2017-09-03,2025-01-14
844,844,449424,2018-11-15,2025-08-14
845,845,137638,2016-03-15,2026-03-03
846,846,203478,2020-04-03,2023-06-26
847,847,364891,2018-08-07,2022-07-19
848,848,54089,2016-01-20,2021-09-26
849,849,61511,2018-05-09,2024-07-23
850,850,384617,2016-07-07,2021-06-08
851,851,325828,2016-04-19,2021-05-02
852,852,103289,2020-09-07,2025-12-02
853,853,355855,2019-10-06,2021-06-16
854,854,68289,2018-12-14,2023-04-16
855,855,207445,2020-06-25,2025-09-21
856,856,132220,2019-08-08,2024-05-23
857,857,274737,2020-11-16,2025-12-02
858,858,58407,2017-10-25,2026-12-25
859,859,38605,2020-05-03,2023-07-26
860,860,256210,2017-02-20,2023-10-11
861,861,277407,2020-01-09,2024-01-18
862,862,86227,2017-03-10,2021-02-24
863,863,46067,2019-03-07,2025-06-11
864,864,53832,2016-03-24,2021-01-04
865,865,134773,2019-08-10,2026-05-27
866,866,36207,2019-08-16,2025-05-13
867,867,245206,2020-11-14,2021-01-05
868,868,430385,2017-03-13,2026-09-20
869,869,266983,2020-11-18,2022-06-12
870,870,84596,2018-12-09,2021-09-15
871,871,269333,2020-03-24,2022-11-10
872,872,47374,2016-06-03,2026-01-24
873,873,272480,2017-05-19,2021-06-24
874,874,148493,2018-07-24,2022-12-14
875,875,279579,2017-09-17,2022-06-20
876,876,409837,2017-09-11,2026-12-19
877,877,398341,2017-03-15,2024-11-05
878,878,253615,2018-02-14,2021-07-07
879,879,186977,2017-05-20,2022-06-23
880,880,220721,2018-07-08,2022-12-25
881,881,97783,2019-05-18,2024-04-05
882,882,220756,2016-09-01,2021-02-18
883,883,312491,2016-01-17,2021-08-07
884,884,59868,2016-09-06,2021-11-13
885,885,267359,2019-04-22,2025-05-19
886,886,179050,2018-08-10,2024-10-02
887,887,67607,2019-04-22,2022-04-11
888,888,72661,2020-09-10,2023-11-21
889,889,144546,2018-07-10,2026-02-18
890,890,196441,2016-06-16,2026-01-17
891,891,73272,2020-05-11,2022-07-12
892,892,40201,2016-10-05,2023-08-12
893,893,109622,2018-12-05,2026-02-19
894,894,408358,2017-07-07,2021-09-14
895,895,319593,2016-09-01,2022-10-10
896,896,91611,2016-04-05,2024-12-06
897,897,258083,2019-12-05,2026-02-21
898,898,80992,2016-12-25,2022-04-05
899,899,368431,2018-07-10,2021-11-05
900,900,445233,2019-07-20,2025-01-21
901,901,218499,2018-11-27,2021-09-08
902,902,413060,2016-09-01,2023-01-16
903,903,230101,2018-07-13,2022-10-27
904,904,418329,2017-12-24,2026-06-19
905,905,30529,2018-12-24,2023-10-27
906,906,236717,2017-11-13,2021-06-16
907,907,247362,2016-05-03,2023-12-26
908,908,161209,2017-03-19,2025-11-12
909,909,372170,2017-06-16,2021-07-14
910,910,242665,2020-02-18,2025-09-08
911,911,335974,2016-10-17,2026-03-13
912,912,272938,2017-05-25,2023-09-02
913,913,55508,2019-06-13,2022-12-26
914,914,124238,2017-09-02,2024-09-23
915,915,313328,2018-12-21,2026-01-20
916,916,216468,2020-03-18,2025-08-19
917,917,415561,2018-05-25,2021-04-13
918,918,52650,2016-02-06,2025-01-20
919,919,443100,2018-04-12,2024-11-02
920,920,304916,2016-01-06,2022-07-10
921,921,60802,2018-01-19,2023-12-01
922,922,97523,2017-10-12,2021-01-15
923,923,37825,2018-09-05,2023-08-07
924,924,77458,2019-01-01,2024-04-01
925,925,233429,2016-06-08,2023-01-15
926,926,374518,2017-06-06,2021-08-10
927,927,136105,2016-08-25,2024-11-14
928,928,184410,2019-09-15,2023-01-11
929,929,192083,2017-10-22,2026-06-11
930,930,216079,2019-07-14,2025-02-19
931,931,57219,2017-01-01,2021-03-06
932,932,423095,2016-11-03,2021-12-18
933,933,319499,2020-01-10,2023-04-20
934,934,339856,2017-06-21,2021-12-27
935,935,313217,2018-01-25,2022-03-09
936,936,78097,2019-10-20,2023-12-05
937,937,331637,2017-11-21,2021-12-16
938,938,392670,2019-07-27,2024-12-19
939,939,16028,2018-06-13,2026-08-12
940,940,206681,2020-04-06,2025-10-15
941,941,16954,2019-04-10,2024-02-01
942,942,355220,2018-05-02,2021-02-26
943,943,24894,2017-11-07,2021-01-21
944,944,262205,2017-09-26,2022-05-20
945,945,301748,2019-11-06,2023-09-10
946,946,269059,2019-02-19,2023-04-02
947,947,276518,2020-12-10,2026-07-13
948,948,314208,2017-12-25,2022-10-09
949,949,237912,2019-04-02,2025-09-18
950,950,128801,2017-01-16,2021-07-22
951,951,292627,2019-05-04,2024-04-03
952,952,341819,2019-10-18,2025-03-24
953,953,410262,2017-04-11,2024-10-01
954,954,252996,2018-02-05,2026-03-09
955,955,430946,2017-04-14,2022-12-20
956,956,355687,2018-04-09,2023-11-13
957,957,135011,2016-09-17,2023-07-04
958,958,402562,2018-11-03,2023-10-16
959,959,329243,2017-01-07,2025-04-16
960,960,161773,2018-05-11,2022-09-24
961,961,299196,2020-04-26,2022-07-19
962,962,387492,2020-09-04,2023-06-02
963,963,243029,2020-10-26,2023-06-26
964,964,50502,2017-12-05,2021-11-15
965,965,388680,2020-05-13,2024-09-10
966,966,93402,2016-03-27,2026-03-25
967,967,218612,2017-04-19,2023-06-13
968,968,242728,2019-09-03,2021-05-22
969,969,61183,2016-02-17,2021-06-13
970,970,376596,2018-01-27,2024-11-20
971,971,140269,2016-06-17,2023-04-26
972,972,18072,2017-02-17,2026-11-26
973,973,101556,2016-03-10,2021-01-17
974,974,336493,2018-03-24,2021-11-09
975,975,222070,2016-01-13,2021-06-08
976,976,237305,2020-01-08,2021-03-07
977,977,304374,2018-08-01,2021-11-16
978,978,345257,2018-09-11,2024-02-26
979,979,182565,2019-07-15,2025-12-17
980,980,448550,2019-01-03,2022-04-06
981,981,438505,2018-10-01,2021-03-01
982,982,127327,2016-05-17,2021-04-05
983,983,345955,2018-07-22,2024-06-06
984,984,172862,2016-11-10,2023-02-11
985,985,290902,2018-09-19,2022-05-05
986,986,72598,2016-11-04,2024-01-15
987,987,310697,2020-04-22,2025-11-05
988,988,38198,2018-11-07,2022-07-01
989,989,186837,2017-08-15,2024-11-26
990,990,79604,2016-01-22,2023-10-10
991,991,233340,2018-04-16,2026-11-26
992,992,449396,2017-02-19,2025-12-25
993,993,39636,2020-10-25,2022-05-10
994,994,322969,2019-08-23,2026-04-21
995,995,83065,2019-09-04,2022-11-26
996,996,254710,2020-04-07,2021-03-18
997,997,346268,2018-08-17,2021-04-15
998,998,331074,2016-09-18,2026-04-24
999,999,90272,2018-09-26,2022-07-16
1000,1000,140230,2016-11-02,2025-05-02
1001,1001,408347,2020-10-18,2025-06-09
1002,1002,362669,2017-11-16,2024-12-14
1003,1003,348632,2020-11-14,2021-04-23
1004,1004,150421,2019-11-22,2023-05-04
1005,1005,130047,2020-04-07,2022-02-08
1006,1006,119561,2019-08-10,2023-10-14
1007,1007,349783,2018-02-05,2025-06-18
1008,1008,19524,2020-04-01,2021-12-24
1009,1009,447121,2017-03-20,2023-08-17
1010,1010,197258,2016-10-15,2025-01-06
1011,1011,284668,2016-10-27,2021-09-11
1012,1012,351147,2020-11-11,2024-07-19
1013,1013,373642,2019-08-26,2022-04-24
1014,1014,222987,2016-01-07,2026-08-14
1015,1015,300375,2020-09-19,2026-01-25
1016,1016,205537,2019-09-12,2022-02-03
1017,1017,425149,2016-02-24,2023-10-20
1018,1018,222870,2019-11-03,2022-02-19
1019,1019,217431,2019-09-24,2023-02-01
1020,1020,168253,2019-04-13,2023-06-11
1021,1021,295408,2017-04-11,2021-06-12
1022,1022,211899,2019-04-06,2025-02-23
1023,1023,274029,2016-02-13,2022-07-15
1024,1024,91957,2017-01-10,2024-12-26
1025,1025,402936,2018-04-13,2024-09-14
1026,1026,361354,2016-12-17,2022-12-04
1027,1027,283717,2020-03-21,2026-06-22
1028,1028,171998,2020-03-24,2023-11-25
1029,1029,242729,2016-03-21,2021-06-06
1030,1030,294981,2018-06-04,2023-09-26
1031,1031,59557,2016-11-15,2021-07-17
1032,1032,332396,2016-05-04,2022-08-17
1033,1033,404971,2019-02-11,2023-05-27
1034,1034,143837,2017-02-27,2024-11-14
1035,1035,185384,2019-01-10,2024-09-23
1036,1036,115981,2020-09-04,2026-04-11
1037,1037,194032,2017-04-22,2023-09-07
1038,1038,31313,2017-07-17,2026-06-04
1039,1039,248232,2017-01-24,2022-10-27
1040,1040,383239,2020-12-25,2024-04-08
1041,1041,241713,2020-06-07,2021-01-03
1042,1042,270205,2019-09-16,2022-02-21
1043,1043,118603,2018-06-14,2023-01-17
1044,1044,298125,2019-03-13,2022-05-09
1045,1045,89967,2016-03-07,2026-08-06
1046,1046,409154,2016-03-20,2021-01-05
1047,1047,251947,2017-12-23,2024-06-27
1048,1048,159576,2017-10-17,2022-09-04
1049,1049,409322,2016-04-17,2025-04-12
1050,1050,131038,2016-06-03,2025-07-15
1051,1051,93778,2016-12-17,2025-05-23
1052,1052,322280,2020-04-21,2021-08-26
1053,1053,167746,2018-10-21,2023-02-03
1054,1054,23530,2019-08-27,2021-03-23
1055,1055,317282,2018-12-20,2026-07-14
1056,1056,81525,2020-11-14,2026-03-04
1057,1057,105557,2020-01-19,2024-08-16
1058,1058,98847,2020-01-14,2026-02-09
1059,1059,102765,2016-01-21,2024-12-12
1060,1060,120267,2017-10-25,2022-08-17
1061,1061,325328,2020-09-24,2023-07-01
1062,1062,126858,2018-02-18,2025-08-25
1063,1063,147546,2016-09-21,2023-02-01
1064,1064,152514,2017-10-09,2024-05-18
1065,1065,438621,2016-03-22,2021-12-17
1066,1066,114666,2019-02-24,2023-11-17
1067,1067,103116,2017-09-20,2026-08-06
1068,1068,377082,2020-06-16,2022-04-13
1069,1069,332769,2020-07-23,2026-08-06
1070,1070,346287,2019-10-24,2025-08-11
1071,1071,240910,2018-11-17,2024-09-25
1072,1072,194589,2016-05-23,2023-11-05
1073,1073,256725,2019-09-12,2023-04-13
1074,1074,59779,2017-11-01,2022-08-07
1075,1075,255826,2020-11-02,2022-09-25
1076,1076,79875,2020-07-17,2021-09-19
1077,1077,447229,2016-04-10,2023-02-03
1078,1078,76254,2020-05-15,2023-04-20
1079,1079,334418,2020-05-14,2024-03-03
1080,1080,337336,2020-05-13,2026-06-07
1081,1081,294998,2017-02-21,2023-03-01
1082,1082,163226,2017-10-07,2026-05-03
1083,1083,345108,2020-08-10,2024-06-02
1084,1084,365940,2017-11-16,2026-09-06
1085,1085,261844,2018-01-20,2025-07-03
1086,1086,108488,2016-02-25,2025-12-10
1087,1087,37895,2020-07-15,2025-10-01
1088,1088,98704,2019-02-26,2023-12-09
1089,1089,122514,2017-02-17,2022-02-02
1090,1090,248218,2018-06-14,2022-06-18
1091,1091,353470,2020-12-03,2025-12-06
1092,1092,235675,2020-09-24,2026-12-19
1093,1093,270212,2018-01-06,2021-09-21
1094,1094,167931,2019-03-02,2026-07-06
1095,1095,425068,2017-03-03,2022-08-05
1096,1096,361601,2020-02-24,2022-07-06
1097,1097,240281,2019-11-16,2023-02-17
1098,1098,21302,2016-12-08,2025-03-23
1099,1099,341282,2020-07-27,2024-02-11
1100,1100,112206,2018-10-01,2021-02-21
1101,1101,336537,2016-10-14,2026-11-21
1102,1102,150791,2017-09-24,2024-12-01
1103,1103,395813,2017-03-02,2021-03-22
1104,1104,20429,2016-05-22,2026-08-23
1105,1105,362975,2016-03-01,2021-04-01
1106,1106,64542,2016-12-07,2025-02-24
1107,1107,445639,2019-05-09,2024-04-13
1108,1108,373204,2017-04-07,2026-08-25
1109,1109,325238,2016-05-06,2024-04-09
1110,1110,24729,2017-05-12,2022-01-23
1111,1111,91101,2016-05-19,2024-10-23
1112,1112,128745,2020-03-03,2021-12-11
1113,1113,407005,2017-09-16,2026-08-06
1114,1114,172753,2017-11-11,2023-09-27
1115,1115,445432,2017-12-26,2026-01-21
1116,1116,419868,2018-05-02,2021-06-07
1117,1117,239169,2020-01-19,2021-03-23
1118,1118,441179,2020-08-20,2023-11-08
1119,1119,121102,2019-04-08,2022-02-17
1120,1120,27936,2020-01-17,2021-05-11
1121,1121,224429,2019-05-01,2025-02-21
1122,1122,36585,2017-12-14,2025-11-14
1123,1123,279150,2017-02-14,2024-10-22
1124,1124,250233,2017-09-22,2025-02-18
1125,1125,252744,2016-08-05,2022-07-01
1126,1126,287446,2017-06-21,2021-12-19
1127,1127,229838,2017-03-23,2025-03-24
1128,1128,255227,2018-06-20,2021-03-23
1129,1129,172014,2017-08-02,2023-08-01
1130,1130,53744,2019-10-17,2021-06-23
1131,1131,177003,2020-05-01,2025-02-15
1132,1132,68353,2020-12-12,2026-03-13
1133,1133,228639,2019-04-11,2025-12-16
1134,1134,104472,2019-07-22,2026-02-09
1135,1135,66847,2016-02-04,2026-12-03
1136,1136,363624,2019-08-08,2026-08-05
1137,1137,240941,2016-11-15,2023-01-07
1138,1138,194633,2016-09-12,2025-11-15
1139,1139,398996,2018-09-20,2023-04-14
1140,1140,255292,2018-01-01,2025-08-12
1141,1141,323970,2016-02-24,2025-08-16
1142,1142,135094,2018-04-20,2022-08-20
1143,1143,214415,2018-01-09,2025-05-21
1144,1144,321859,2018-05-08,2024-02-03
1145,1145,258785,2016-04-19,2026-07-18
1146,1146,386310,2016-12-17,2022-02-13
1147,1147,128817,2018-01-15,2026-01-26
1148,1148,275826,2016-10-07,2022-07-15
1149,1149,130015,2017-06-03,2021-05-13
1150,1150,289749,2016-11-23,2024-03-10
1151,1151,72664,2017-06-04,2021-09-03
1152,1152,70781,2020-06-07,2021-05-25
1153,1153,311082,2019-11-15,2023-08-21
1154,1154,396229,2020-09-17,2021-04-03
1155,1155,200502,2019-11-18,2023-12-11
1156,1156,389901,2019-05-09,2026-01-24
1157,1157,352425,2020-08-04,2026-12-14
1158,1158,429475,2019-07-27,2024-12-11
1159,1159,138202,2017-06-10,2025-06-24
1160,1160,26553,2017-11-26,2022-03-14
1161,1161,225634,2018-07-20,2025-03-27
1162,1162,134043,2019-02-22,2021-05-14
1163,1163,433147,2016-11-15,2022-02-21
1164,1164,376866,2018-02-27,2024-07-06
1165,1165,262341,2016-07-05,2021-03-16
1166,1166,50585,2016-08-20,2021-11-09
1167,1167,192740,2020-03-10,2021-11-14
1168,1168,341963,2019-06-23,2024-05-24
1169,1169,168423,2018-11-10,2023-03-04
1170,1170,176148,2019-12-15,2023-05-06
1171,1171,112828,2019-02-01,2024-07-02
1172,1172,261062,2016-10-15,2021-08-04
1173,1173,227208,2020-02-26,2021-03-09
1174,1174,195279,2016-10-01,2026-09-22
1175,1175,38743,2019-02-27,2024-04-10
1176,1176,328624,2017-10-23,2025-04-23
1177,1177,206194,2016-03-07,2025-09-03
1178,1178,130237,2016-02-24,2025-04-24
1179,1179,159693,2019-07-09,2023-12-19
1180,1180,117402,2017-03-22,2022-07-04
1181,1181,373245,2018-05-26,2025-05-03
1182,1182,356841,2020-02-02,2024-11-09
1183,1183,399385,2018-09-04,2024-02-26
1184,1184,146046,2020-09-17,2024-02-16
1185,1185,265030,2017-11-14,2025-06-20
1186,1186,172109,2018-10-22,2022-12-19
1187,1187,91162,2016-08-24,2022-07-04
1188,1188,146015,2016-07-03,2026-10-13
1189,1189,101101,2017-03-03,2024-08-16
1190,1190,441831,2016-10-13,2021-05-01
1191,1191,343946,2019-07-26,2023-02-06
1192,1192,156913,2019-09-07,2023-05-26
1193,1193,335477,2016-08-02,2021-05-01
1194,1194,311255,2018-09-19,2022-11-17
1195,1195,178537,2016-04-08,2022-06-06
1196,1196,395169,2017-02-09,2022-07-13
1197,1197,61174,2017-10-26,2024-09-25
1198,1198,286667,2020-11-16,2021-12-21
1199,1199,308576,2016-11-24,2026-10-16
1200,1200,105749,2017-02-21,2023-09-09
1201,1201,397213,2016-12-22,2023-10-27
1202,1202,212327,2019-11-09,2025-06-06
1203,1203,90708,2017-10-02,2022-09-13
1204,1204,380749,2019-10-18,2023-08-13
1205,1205,391534,2020-10-23,2026-07-15
1206,1206,399071,2019-02-09,2026-03-13
1207,1207,256473,2020-08-16,2024-10-23
1208,1208,448235,2018-05-21,2024-08-24
1209,1209,188348,2016-01-01,2025-02-05
1210,1210,262755,2020-08-23,2023-03-15
1211,1211,140324,2018-01-20,2024-02-12
1212,1212,406997,2016-01-22,2026-04-09
1213,1213,408778,2018-11-18,2025-08-02
1214,1214,275937,2019-04-09,2023-03-25
1215,1215,35206,2017-05-20,2026-06-08
1216,1216,48845,2017-02-22,2022-05-10
1217,1217,316590,2020-07-10,2025-04-08
1218,1218,330927,2017-12-16,2025-05-10
1219,1219,190064,2018-08-26,2024-05-25
1220,1220,297269,2020-02-17,2024-01-12
1221,1221,246571,2018-08-01,2024-06-07
1222,1222,116228,2019-04-06,2023-07-04
1223,1223,356781,2018-12-06,2026-09-15
1224,1224,259150,2017-05-14,2023-11-05
1225,1225,48542,2016-10-01,2023-12-26
1226,1226,285287,2016-10-17,2021-05-17
1227,1227,263945,2016-11-15,2022-06-13
1228,1228,332932,2016-09-27,2021-02-15
1229,1229,316011,2017-12-14,2021-07-14
1230,1230,307003,2020-04-02,2024-06-12
1231,1231,88595,2018-01-25,2021-10-19
1232,1232,14954,2020-05-08,2026-04-21
1233,1233,74536,2019-05-09,2021-10-26
1234,1234,434689,2019-01-10,2023-11-16
1235,1235,314924,2020-07-24,2022-04-02
1236,1236,196644,2020-11-19,2025-04-12
1237,1237,247898,2017-09-20,2025-03-12
1238,1238,340006,2017-07-24,2025-10-26
1239,1239,215132,2017-12-22,2025-03-26
1240,1240,126795,2016-08-23,2024-09-26
1241,1241,303601,2019-03-01,2023-10-16
1242,1242,19484,2016-08-13,2022-08-10
1243,1243,296999,2016-10-04,2022-04-19
1244,1244,87934,2019-12-07,2022-07-01
1245,1245,193728,2020-11-15,2022-01-09
1246,1246,394283,2016-02-05,2022-01-04
1247,1247,448827,2018-03-12,2026-06-13
1248,1248,95488,2016-03-11,2024-02-25
1249,1249,50249,2017-08-15,2022-09-19
1250,1250,61219,2018-07-06,2025-06-25
1251,1251,418428,2019-03-25,2022-11-26
1252,1252,404929,2019-08-06,2023-10-06
1253,1253,74203,2019-11-09,2021-09-02
1254,1254,240068,2018-01-12,2026-12-23
1255,1255,73833,2019-08-18,2025-08-14
1256,1256,395242,2018-10-10,2022-02-15
1257,1257,331552,2016-09-02,2026-01-11
1258,1258,423883,2018-06-12,2024-04-10
1259,1259,303901,2018-03-24,2023-09-16
1260,1260,389140,2017-01-20,2025-05-18
1261,1261,94066,2020-05-20,2026-11-22
1262,1262,378667,2016-05-01,2026-08-12
1263,1263,192240,2018-03-01,2022-06-08
1264,1264,39272,2017-12-17,2022-04-26
1265,1265,195175,2020-11-13,2021-12-09
1266,1266,293753,2016-12-09,2023-07-16
1267,1267,396272,2019-10-17,2025-09-04
1268,1268,414840,2017-07-12,2023-01-17
1269,1269,287300,2019-02-17,2021-05-10
1270,1270,188712,2017-02-13,2026-02-10
1271,1271,440609,2016-06-25,2024-01-15
1272,1272,431198,2016-09-21,2021-02-17
1273,1273,37409,2017-12-21,2024-09-21
1274,1274,159795,2019-12-03,2021-12-24
1275,1275,281777,2020-05-02,2021-01-13
1276,1276,39034,2019-06-07,2026-06-03
1277,1277,355943,2016-07-11,2024-09-27
1278,1278,157083,2020-05-07,2024-09-02
1279,1279,245309,2016-07-19,2022-10-27
1280,1280,367215,2020-03-07,2023-12-21
1281,1281,198440,2019-07-07,2022-10-03
1282,1282,21411,2019-10-21,2025-05-04
1283,1283,327908,2020-10-05,2022-04-25
1284,1284,131182,2018-05-24,2026-02-13
1285,1285,401265,2019-09-13,2025-07-19
1286,1286,426534,2020-08-24,2025-03-24
1287,1287,73535,2019-01-27,2025-05-21
1288,1288,389843,2016-01-15,2022-11-25
1289,1289,379224,2019-01-06,2026-05-04
1290,1290,20950,2017-09-23,2024-12-14
1291,1291,229513,2017-05-01,2022-06-20
1292,1292,244081,2018-06-20,2026-03-07
1293,1293,315508,2019-02-05,2021-12-23
1294,1294,106592,2016-05-24,2022-08-07
1295,1295,194953,2017-06-01,2023-07-08
1296,1296,172518,2019-10-25,2021-11-23
1297,1297,112018,2017-09-25,2023-11-09
1298,1298,211256,2020-10-16,2022-11-06
1299,1299,58065,2020-04-26,2024-08-13
1300,1300,376228,2017-07-25,2026-10-11
1301,1301,29836,2017-06-19,2022-10-13
1302,1302,245793,2018-03-11,2024-04-17
1303,1303,231280,2018-03-07,2026-02-03
1304,1304,261666,2019-10-02,2023-08-11
1305,1305,21899,2016-06-15,2025-01-21
1306,1306,84618,2017-09-12,2025-04-16
1307,1307,421107,2018-08-14,2025-04-23
1308,1308,148711,2020-05-06,2023-09-05
1309,1309,411744,2019-07-27,2026-02-09
1310,1310,355471,2016-06-14,2021-04-12
1311,1311,301785,2020-12-10,2026-04-21
1312,1312,66951,2018-05-12,2024-07-04
1313,1313,64451,2018-04-22,2022-06-15
1314,1314,94279,2018-11-21,2021-08-26
1315,1315,430855,2020-11-17,2025-03-12
1316,1316,244490,2019-02-01,2023-08-14
1317,1317,334787,2019-02-03,2024-12-22
1318,1318,17211,2017-10-25,2021-10-27
1319,1319,387152,2020-03-08,2022-01-10
1320,1320,299937,2019-12-04,2024-07-15
1321,1321,350101,2019-10-15,2025-11-07
1322,1322,442262,2018-02-17,2022-05-11
1323,1323,415391,2019-07-04,2025-03-23
1324,1324,84010,2019-10-13,2021-08-13
1325,1325,24688,2017-07-12,2024-06-13
1326,1326,62626,2016-04-07,2025-11-04
1327,1327,70405,2018-06-26,2024-06-16
1328,1328,127673,2020-11-03,2023-11-02
1329,1329,64860,2019-05-08,2025-08-12
1330,1330,318592,2019-12-21,2021-11-21
1331,1331,38992,2017-08-02,2026-03-06
1332,1332,337488,2018-07-04,2023-07-24
1333,1333,25293,2018-04-11,2025-10-03
1334,1334,30993,2020-05-23,2024-01-10
1335,1335,297433,2018-06-02,2026-09-05
1336,1336,66439,2020-02-13,2023-10-13
1337,1337,344396,2020-10-04,2024-05-13
1338,1338,154689,2018-12-23,2026-04-20
1339,1339,136321,2018-06-05,2024-12-02
1340,1340,204542,2018-06-14,2021-06-12
1341,1341,99955,2018-03-10,2026-03-16
1342,1342,232317,2020-10-13,2024-01-06
1343,1343,307203,2020-07-01,2025-04-22
1344,1344,28211,2016-11-09,2021-04-23
1345,1345,207366,2017-02-14,2023-03-17
1346,1346,374216,2020-05-26,2025-06-26
1347,1347,368452,2017-10-10,2021-02-11
1348,1348,74220,2018-06-12,2025-03-19
1349,1349,165472,2020-06-08,2022-08-07
1350,1350,391570,2019-02-03,2023-06-22
1351,1351,374145,2016-06-23,2021-10-14
1352,1352,123652,2019-06-16,2025-01-11
1353,1353,403844,2019-08-12,2021-10-24
1354,1354,60106,2017-01-08,2023-08-06
1355,1355,248045,2016-01-17,2023-12-20
1356,1356,120441,2020-11-06,2021-05-14
1357,1357,86473,2018-10-08,2026-04-26
1358,1358,200252,2016-05-18,2026-06-18
1359,1359,46621,2018-04-18,2022-02-22
1360,1360,259365,2017-08-06,2026-02-22
1361,1361,196769,2020-11-12,2024-12-22
1362,1362,151304,2019-06-20,2022-07-15
1363,1363,439005,2016-10-24,2021-08-26
1364,1364,137588,2018-10-10,2025-02-07
1365,1365,53976,2016-01-17,2026-07-26
1366,1366,23561,2018-11-03,2021-03-22
1367,1367,145581,2018-05-26,2022-06-05
1368,1368,78405,2019-05-24,2023-11-10
1369,1369,180647,2016-04-19,2026-04-06
1370,1370,329912,2019-02-18,2026-08-02
1371,1371,37770,2019-04-09,2021-11-19
1372,1372,236253,2020-01-16,2026-05-02
1373,1373,370629,2020-06-03,2022-07-26
1374,1374,105930,2016-03-09,2025-03-27
1375,1375,66419,2019-01-26,2024-12-18
1376,1376,95437,2016-01-18,2022-08-08
1377,1377,11766,2017-09-25,2021-01-15
1378,1378,131307,2016-10-02,2021-10-21
1379,1379,163495,2020-11-08,2021-08-21
1380,1380,128743,2016-02-18,2021-06-22
1381,1381,399017,2020-12-18,2026-01-16
1382,1382,361982,2017-05-02,2021-06-18
1383,1383,130157,2017-07-17,2026-03-10
1384,1384,116064,2019-08-04,2024-01-15
1385,1385,142944,2016-02-08,2024-12-25
1386,1386,176905,2019-03-08,2026-01-12
1387,1387,61939,2020-06-07,2025-02-24
1388,1388,406545,2020-10-11,2026-06-17
1389,1389,268590,2018-12-07,2026-11-12
1390,1390,53428,2020-04-02,2021-05-08
1391,1391,214361,2018-01-26,2026-07-07
1392,1392,396081,2016-10-13,2021-10-19
1393,1393,283380,2017-10-11,2024-11-22
1394,1394,241565,2020-07-10,2026-04-07
1395,1395,445737,2016-11-05,2023-04-11
1396,1396,336787,2017-12-01,2023-04-23
1397,1397,114874,2019-12-04,2026-12-04
1398,1398,37850,2016-03-09,2022-01-03
1399,1399,379882,2019-12-15,2022-07-26
1400,1400,175051,2020-06-19,2023-01-12
1401,1401,218546,2018-08-10,2022-11-13
1402,1402,67091,2016-11-25,2025-05-17
1403,1403,408037,2016-04-14,2022-11-07
1404,1404,366825,2018-09-01,2021-07-26
1405,1405,374947,2016-03-14,2022-12-10
1406,1406,29350,2016-12-14,2022-02-01
1407,1407,421129,2017-01-08,2023-11-19
1408,1408,26205,2017-10-14,2024-01-08
1409,1409,393527,2020-01-07,2021-01-09
1410,1410,258619,2018-08-06,2021-02-02
1411,1411,56074,2018-02-12,2022-07-06
1412,1412,155992,2020-02-02,2023-02-26
1413,1413,164757,2018-02-21,2021-07-17
1414,1414,268248,2018-06-07,2026-08-07
1415,1415,263266,2017-01-16,2021-05-11
1416,1416,434373,2019-09-11,2022-08-27
1417,1417,211636,2018-03-26,2024-05-27
1418,1418,137128,2016-05-27,2024-01-11
1419,1419,200068,2016-11-24,2022-02-16
1420,1420,319186,2018-11-21,2026-08-10
1421,1421,186512,2018-10-15,2023-06-23
1422,1422,383865,2017-08-24,2026-02-09
1423,1423,261539,2017-05-08,2022-03-14
1424,1424,173809,2020-08-06,2022-09-20
1425,1425,151174,2018-10-09,2021-12-22
1426,1426,424775,2018-01-13,2024-05-17
1427,1427,127091,2019-07-06,2022-12-11
1428,1428,14479,2017-11-10,2024-05-01
1429,1429,162023,2019-09-24,2026-06-12
1430,1430,311259,2020-09-23,2021-12-23
1431,1431,235873,2020-10-12,2025-01-21
1432,1432,406788,2018-10-07,2023-09-24
1433,1433,415944,2016-07-27,2025-08-26
1434,1434,76313,2018-11-25,2023-08-23
1435,1435,77956,2020-09-04,2023-03-07
1436,1436,222826,2016-04-20,2022-03-27
1437,1437,333230,2018-11-07,2024-03-19
1438,1438,45881,2017-11-09,2024-08-25
1439,1439,100472,2018-02-22,2025-12-15
1440,1440,63029,2017-05-22,2022-01-24
1441,1441,64911,2019-07-21,2024-01-22
1442,1442,171969,2018-03-15,2025-07-15
1443,1443,361839,2019-04-01,2021-01-08
1444,1444,337649,2017-08-01,2023-04-09
1445,1445,286077,2016-08-21,2023-06-03
1446,1446,238511,2017-05-01,2024-03-25
1447,1447,435665,2017-05-08,2024-07-16
1448,1448,414523,2016-02-22,2024-02-17
1449,1449,137699,2017-11-16,2021-11-07
1450,1450,380354,2016-06-07,2023-06-23
1451,1451,281956,2019-06-20,2026-06-08
1452,1452,214346,2017-08-21,2021-03-09
1453,1453,49434,2016-06-19,2022-06-27
1454,1454,374869,2019-04-04,2024-07-27
1455,1455,350844,2020-04-20,2025-10-22
1456,1456,291953,2016-10-10,2021-01-04
1457,1457,51698,2018-03-14,2022-06-04
1458,1458,250633,2018-10-09,2025-09-09
1459,1459,416693,2016-12-19,2021-11-06
1460,1460,275640,2018-03-05,2025-08-16
1461,1461,179044,2020-06-02,2022-11-14
1462,1462,241752,2017-03-11,2026-09-16
1463,1463,445595,2018-08-21,2022-11-25
1464,1464,243484,2017-09-18,2026-09-02
1465,1465,46151,2019-06-03,2025-05-01
1466,1466,304387,2018-03-19,2023-08-04
1467,1467,189506,2017-06-25,2022-11-22
1468,1468,28090,2017-03-10,2021-03-26
1469,1469,147790,2018-05-17,2021-09-18
1470,1470,378581,2016-01-24,2024-11-21
1471,1471,107754,2016-08-26,2026-02-14
1472,1472,336157,2019-06-15,2021-02-19
1473,1473,320244,2018-07-07,2024-04-22
1474,1474,395918,2019-08-04,2025-04-21
1475,1475,23110,2020-11-06,2023-07-21
1476,1476,437108,2018-04-13,2025-08-17
1477,1477,27827,2018-02-25,2025-06-01
1478,1478,159277,2020-05-02,2022-04-15
1479,1479,408513,2017-12-12,2023-06-19
1480,1480,75480,2018-09-22,2022-01-17
1481,1481,280162,2019-07-15,2022-08-15
1482,1482,446818,2017-05-12,2026-07-27
1483,1483,319387,2020-01-01,2026-12-01
1484,1484,207917,2020-02-05,2026-06-01
1485,1485,315785,2019-01-22,2022-04-12
1486,1486,245967,2020-03-27,2024-02-17
1487,1487,447267,2019-04-20,2026-02-10
1488,1488,307537,2019-05-10,2026-07-23
1489,1489,158923,2016-06-12,2026-11-23
1490,1490,168444,2018-02-20,2024-03-15
1491,1491,307001,2018-11-05,2021-10-10
1492,1492,446879,2017-07-05,2021-06-16
1493,1493,109964,2019-09-07,2023-01-04
1494,1494,388082,2019-12-20,2023-10-22
1495,1495,431506,2017-05-05,2023-02-24
1496,1496,380077,2018-12-14,2022-04-14
1497,1497,71585,2018-04-15,2023-04-03
1498,1498,178049,2018-07-03,2024-06-25
1499,1499,403884,2019-12-16,2022-01-23
1500,1500,409097,2017-06-10,2023-06-04
1501,1501,389448,2017-06-08,2021-12-24
1502,1502,135894,2017-08-14,2026-11-13
1503,1503,268554,2019-01-17,2026-08-26
1504,1504,163554,2016-08-21,2022-11-02
1505,1505,218531,2018-09-04,2024-04-26
1506,1506,214229,2020-02-07,2025-06-17
1507,1507,103911,2017-11-13,2021-02-26
1508,1508,283793,2020-02-11,2021-09-20
1509,1509,185191,2019-01-01,2021-10-12
1510,1510,357687,2016-10-13,2022-07-05
1511,1511,19858,2018-07-12,2022-12-18
1512,1512,107547,2016-01-08,2024-04-24
1513,1513,375633,2017-01-03,2022-07-10
1514,1514,216077,2019-12-14,2023-02-16
1515,1515,246319,2020-08-12,2022-08-21
1516,1516,212820,2018-06-14,2024-09-05
1517,1517,249491,2020-02-16,2024-03-23
1518,1518,94669,2016-10-02,2025-01-27
1519,1519,437268,2018-11-06,2023-08-08
1520,1520,176965,2020-11-26,2026-07-20
1521,1521,384926,2019-09-18,2026-12-18
1522,1522,340139,2016-04-01,2026-05-15
1523,1523,238277,2016-09-18,2023-04-10
1524,1524,105392,2016-12-02,2026-03-08
1525,1525,190880,2018-12-18,2021-09-01
1526,1526,11101,2019-07-23,2023-07-24
1527,1527,254994,2018-09-01,2022-07-05
1528,1528,398378,2016-06-25,2021-11-03
1529,1529,395497,2020-11-04,2023-11-24
1530,1530,393412,2016-10-17,2023-10-17
1531,1531,366892,2020-07-16,2021-02-23
1532,1532,61456,2017-05-14,2024-06-14
1533,1533,405781,2017-12-23,2024-06-11
1534,1534,224542,2019-05-09,2023-05-21
1535,1535,292079,2017-01-22,2025-02-25
1536,1536,444001,2019-07-20,2025-06-08
1537,1537,442466,2016-09-20,2023-11-20
1538,1538,34295,2016-09-17,2022-10-26
1539,1539,348103,2017-01-18,2025-01-22
1540,1540,448565,2019-01-16,2024-09-27
1541,1541,191340,2017-05-01,2026-05-07
1542,1542,231485,2016-01-09,2025-12-18
1543,1543,234535,2020-04-02,2025-10-26
1544,1544,170391,2018-01-09,2025-12-17
1545,1545,306814,2020-02-14,2026-06-10
1546,1546,190660,2020-05-07,2023-12-23
1547,1547,46727,2018-06-10,2021-10-23
1548,1548,373360,2017-03-02,2024-05-05
1549,1549,153191,2016-02-20,2023-08-01
1550,1550,174576,2020-05-02,2022-04-09
1551,1551,110024,2018-10-03,2021-11-25
1552,1552,442704,2016-02-19,2022-09-14
1553,1553,241203,2019-12-19,2024-03-11
1554,1554,263613,2017-03-12,2026-10-09
1555,1555,279530,2020-11-11,2024-03-04
1556,1556,42517,2017-12-21,2024-08-27
1557,1557,50452,2017-09-08,2023-04-21
1558,1558,278231,2020-07-11,2024-01-25
1559,1559,208048,2019-05-27,2024-04-26
1560,1560,232696,2017-06-08,2022-12-10
1561,1561,184714,2018-11-14,2021-04-02
1562,1562,331557,2020-07-22,2026-05-13
1563,1563,40497,2016-02-19,2022-11-25
1564,1564,286895,2019-09-10,2021-04-08
1565,1565,13767,2016-04-09,2021-04-24
1566,1566,415051,2016-12-17,2023-06-18
1567,1567,252436,2020-12-25,2024-09-23
1568,1568,297321,2017-12-09,2025-03-04
1569,1569,143807,2018-07-09,2021-02-22
1570,1570,249859,2017-06-12,2026-09-18
1571,1571,411548,2016-03-26,2023-11-17
1572,1572,295004,2016-05-22,2026-06-06
1573,1573,124474,2020-01-23,2025-11-20
1574,1574,204309,2019-06-06,2024-02-18
1575,1575,436328,2019-07-23,2026-06-26
1576,1576,395464,2016-09-27,2024-08-27
1577,1577,63266,2017-11-05,2023-11-11
1578,1578,434186,2020-05-05,2021-05-26
1579,1579,56397,2016-08-26,2024-02-10
1580,1580,369578,2018-03-05,2022-10-11
1581,1581,312088,2019-10-10,2024-08-07
1582,1582,166567,2018-06-16,2024-10-02
1583,1583,430605,2020-11-05,2024-04-14
1584,1584,232532,2016-04-17,2024-06-25
1585,1585,375755,2020-09-25,2021-11-27
1586,1586,355873,2018-12-07,2023-02-02
1587,1587,164449,2020-03-14,2024-12-22
1588,1588,89685,2018-04-14,2021-11-01
1589,1589,447842,2016-10-02,2026-01-04
1590,1590,331077,2020-08-07,2023-09-23
1591,1591,144755,2018-05-13,2025-08-27
1592,1592,249358,2019-03-08,2022-12-26
1593,1593,63432,2020-05-16,2026-03-06
1594,1594,104259,2016-08-11,2022-12-04
1595,1595,43494,2018-02-21,2024-01-08
1,1,106985,2018-04-21,2022-06-11
2,2,429953,2019-10-12,2023-09-13
3,3,205143,2018-03-22,2022-04-14
4,4,244255,2018-07-20,2026-03-12
5,5,121550,2016-07-19,2026-10-14
6,6,280425,2016-08-26,2021-02-20
7,7,150073,2019-11-01,2025-02-15
8,8,420510,2020-10-09,2023-02-04
9,9,47826,2017-01-12,2024-11-03
10,10,371445,2017-11-19,2021-05-20
11,11,34150,2020-07-13,2022-10-27
12,12,356990,2019-07-16,2022-07-12
13,13,205835,2019-04-01,2022-07-25
14,14,165574,2020-01-23,2025-06-11
15,15,446584,2017-06-26,2023-02-03
16,16,220407,2020-07-09,2024-04-02
17,17,284723,2019-05-23,2022-08-22
18,18,118832,2017-01-03,2022-01-21
19,19,37826,2017-09-04,2025-08-11
20,20,280696,2019-03-08,2025-10-12
21,21,122089,2016-08-25,2025-09-06
22,22,167549,2020-04-25,2024-02-24
23,23,347157,2016-04-15,2024-06-19
24,24,388518,2018-05-16,2021-05-01
25,25,172505,2019-01-09,2025-05-16
26,26,331044,2017-09-21,2022-08-25
27,27,227664,2020-07-23,2024-08-27
28,28,56518,2018-11-04,2024-10-25
29,29,375871,2020-12-22,2025-02-08
30,30,343748,2020-10-07,2021-09-26
31,31,133621,2018-11-26,2021-08-03
32,32,300031,2018-05-26,2026-04-25
33,33,225817,2017-07-10,2023-01-03
34,34,190220,2018-02-24,2023-03-15
35,35,201917,2019-07-03,2026-08-23
36,36,325353,2018-11-25,2024-04-16
37,37,252675,2017-06-11,2025-02-04
38,38,33041,2017-12-27,2022-02-14
39,39,94467,2018-05-25,2023-04-10
40,40,217630,2020-08-12,2026-09-10
41,41,73696,2020-06-09,2026-10-21
42,42,27626,2020-10-03,2022-02-06
43,43,315217,2019-12-14,2022-11-09
44,44,195077,2016-02-12,2024-02-12
45,45,196486,2019-11-17,2022-02-22
46,46,132990,2019-06-08,2024-03-22
47,47,336535,2018-07-13,2024-04-04
48,48,251512,2016-12-05,2023-05-06
49,49,56096,2020-09-11,2021-12-21
50,50,287150,2020-04-10,2026-08-21
51,51,336667,2019-04-10,2025-11-25
52,52,26672,2018-01-19,2026-10-10
53,53,22288,2018-08-12,2026-01-03
54,54,377037,2017-03-21,2024-10-23
55,55,49621,2016-05-09,2021-10-05
56,56,377567,2019-11-11,2023-08-03
57,57,161971,2019-03-21,2024-01-16
58,58,37543,2016-03-01,2024-05-18
59,59,349599,2020-10-18,2021-11-17
60,60,388448,2016-06-25,2024-05-08
61,61,286409,2019-04-22,2024-11-27
62,62,243713,2017-01-05,2023-05-19
63,63,380402,2016-06-14,2026-01-16
64,64,369052,2019-09-06,2022-03-04
65,65,374298,2016-11-20,2022-04-26
66,66,87862,2019-02-22,2024-03-03
67,67,230991,2016-07-20,2024-07-17
68,68,424962,2020-01-24,2023-08-21
69,69,124316,2018-10-14,2022-08-13
70,70,141296,2018-09-17,2023-11-24
71,71,347023,2017-12-26,2026-03-15
72,72,201758,2019-09-13,2023-03-19
73,73,83081,2019-01-27,2026-05-25
74,74,432058,2019-07-27,2025-06-04
75,75,342204,2019-08-25,2021-09-14
76,76,215249,2017-07-04,2022-06-06
77,77,246382,2017-11-09,2024-08-14
78,78,73185,2019-03-08,2023-05-20
79,79,137105,2016-07-16,2025-09-22
80,80,260776,2017-12-23,2026-04-22
81,81,155330,2019-12-11,2025-05-26
82,82,411975,2017-05-22,2025-12-03
83,83,264966,2020-02-18,2025-05-17
84,84,33425,2017-04-26,2026-10-12
85,85,257084,2017-06-08,2023-07-11
86,86,353045,2020-02-20,2022-07-11
87,87,381822,2018-09-18,2023-12-19
88,88,216097,2018-11-03,2021-11-08
89,89,135165,2016-01-25,2025-07-11
90,90,34026,2016-05-23,2025-07-06
91,91,123994,2016-01-11,2025-12-18
92,92,309453,2020-10-06,2023-12-06
93,93,161548,2016-07-23,2024-02-08
94,94,258926,2016-06-26,2026-07-08
95,95,398887,2017-06-05,2025-01-16
96,96,24966,2018-02-19,2025-04-23
97,97,52192,2018-07-08,2023-02-14
98,98,317985,2017-07-22,2022-02-07
99,99,126125,2017-11-05,2023-09-19
100,100,122679,2016-02-15,2022-10-27
101,101,41137,2019-04-09,2023-08-19
102,102,166889,2020-02-22,2026-12-18
103,103,22462,2016-04-18,2025-05-14
104,104,261378,2019-06-03,2026-12-10
105,105,412067,2020-07-15,2021-02-02
106,106,243174,2019-11-04,2026-02-24
107,107,14483,2016-06-23,2024-11-27
108,108,44984,2018-10-25,2024-12-15
109,109,92971,2020-06-15,2021-11-13
110,110,126383,2019-01-15,2021-07-04
111,111,317575,2016-06-26,2025-03-18
112,112,16057,2017-03-18,2026-04-03
113,113,263817,2017-06-20,2025-02-26
114,114,36463,2017-04-27,2023-01-26
115,115,364268,2016-10-10,2024-02-16
116,116,46699,2019-04-25,2022-02-11
117,117,354924,2016-12-20,2021-08-04
118,118,392972,2017-05-18,2024-06-26
119,119,318107,2018-08-24,2025-08-05
120,120,56638,2018-09-21,2023-04-05
121,121,423784,2016-05-16,2026-01-12
122,122,186151,2019-04-02,2023-11-24
123,123,336343,2019-06-12,2023-04-13
124,124,176876,2019-03-09,2026-10-04
125,125,438708,2020-04-21,2022-06-12
126,126,121487,2019-09-27,2021-03-09
127,127,424626,2018-09-09,2022-07-11
128,128,55871,2020-04-27,2022-07-26
129,129,198985,2017-05-08,2021-12-25
130,130,194813,2019-02-05,2022-02-17
131,131,221155,2016-11-21,2022-09-25
132,132,408043,2020-10-20,2022-04-11
133,133,75411,2017-08-21,2026-07-11
134,134,225268,2020-03-14,2023-09-14
135,135,202992,2019-07-22,2025-10-17
136,136,380131,2016-11-17,2026-12-19
137,137,41080,2016-09-07,2023-07-14
138,138,62621,2016-02-10,2023-11-03
139,139,163057,2018-11-06,2021-08-03
140,140,116131,2018-04-15,2025-01-22
141,141,313134,2016-05-01,2026-02-21
142,142,22630,2017-09-24,2026-10-12
143,143,118813,2019-04-16,2021-12-05
144,144,330555,2017-12-23,2026-10-17
145,145,344703,2016-10-25,2022-02-08
146,146,216071,2020-06-20,2026-06-12
147,147,380670,2019-03-14,2024-03-09
148,148,15435,2018-08-18,2025-05-15
149,149,416500,2019-04-21,2026-08-22
150,150,444421,2020-12-12,2025-09-18
151,151,142806,2016-10-27,2024-12-08
152,152,153651,2020-02-26,2024-02-19
153,153,421341,2017-09-11,2025-01-26
154,154,244611,2016-12-05,2025-07-01
155,155,92153,2020-09-15,2026-05-23
156,156,343556,2019-06-07,2022-12-03
157,157,37638,2017-04-18,2024-02-16
158,158,197377,2018-06-01,2026-07-05
159,159,172080,2018-07-04,2021-03-13
160,160,270724,2019-01-13,2025-03-03
161,161,390740,2017-06-09,2021-06-24
162,162,297691,2016-07-02,2025-09-17
163,163,80350,2018-01-25,2024-11-22
164,164,210039,2016-08-06,2025-11-09
165,165,152241,2017-07-26,2022-11-26
166,166,113548,2017-08-25,2023-06-05
167,167,121638,2016-05-01,2022-08-11
168,168,361933,2020-01-01,2023-08-27
169,169,228811,2019-11-21,2022-07-14
170,170,11725,2016-04-17,2023-06-15
171,171,329492,2016-01-09,2026-01-24
172,172,227635,2016-05-18,2022-12-24
173,173,268786,2020-01-14,2022-06-20
174,174,59858,2019-10-24,2025-03-25
175,175,37774,2018-08-19,2023-03-16
176,176,225270,2017-02-15,2022-10-01
177,177,218163,2016-04-01,2024-03-26
178,178,314764,2016-02-01,2024-04-14
179,179,371201,2018-01-15,2026-08-20
180,180,373147,2018-10-17,2025-11-04
181,181,336988,2017-07-16,2025-08-10
182,182,33711,2017-11-04,2024-11-11
183,183,382795,2019-02-03,2023-08-18
184,184,86608,2017-04-13,2022-02-17
185,185,107678,2018-01-26,2022-02-22
186,186,150394,2017-12-05,2022-09-01
187,187,117068,2019-07-20,2026-05-08
188,188,78045,2018-06-06,2025-01-01
189,189,233866,2017-01-09,2021-02-19
190,190,336686,2019-03-09,2021-04-23
191,191,133649,2020-04-16,2023-01-09
192,192,214990,2020-01-18,2022-05-04
193,193,359832,2018-01-12,2022-08-02
194,194,187145,2020-10-03,2025-07-09
195,195,221446,2016-11-08,2024-05-23
196,196,235393,2016-07-12,2024-07-05
197,197,44166,2017-10-04,2021-11-08
198,198,256712,2019-01-26,2024-11-06
199,199,293010,2018-06-15,2026-04-04
200,200,142816,2016-01-10,2022-02-21
201,201,387515,2016-09-10,2026-11-05
202,202,410529,2018-06-03,2021-04-15
203,203,391445,2016-11-26,2022-01-16
204,204,415107,2018-10-04,2021-09-11
205,205,277065,2018-07-27,2025-05-23
206,206,389688,2016-06-01,2022-11-20
207,207,21405,2018-02-09,2023-04-02
208,208,343349,2016-10-03,2024-03-16
209,209,343145,2018-02-11,2024-11-18
210,210,203474,2019-11-27,2022-04-14
211,211,338836,2020-02-15,2026-09-25
212,212,301445,2020-04-07,2025-02-07
213,213,393879,2020-02-06,2021-03-23
214,214,244697,2019-05-23,2022-08-13
215,215,178418,2016-07-10,2026-02-19
216,216,198859,2018-04-19,2021-02-12
217,217,118455,2016-07-01,2023-12-04
218,218,400643,2019-09-03,2025-01-03
219,219,427402,2019-11-08,2023-09-05
220,220,306487,2018-03-09,2023-03-02
221,221,228520,2016-08-18,2026-01-27
222,222,244005,2016-08-14,2023-09-01
223,223,90410,2018-06-21,2026-05-11
224,224,111080,2017-11-21,2022-09-07
225,225,255682,2018-01-23,2025-07-14
226,226,418404,2016-05-03,2022-11-01
227,227,235625,2019-07-20,2022-08-05
228,228,227895,2020-06-05,2025-06-02
229,229,307258,2016-11-17,2022-04-07
230,230,216272,2018-01-04,2025-05-10
231,231,198212,2020-01-08,2021-07-07
232,232,127138,2019-08-19,2023-01-24
233,233,376543,2017-09-17,2022-07-20
234,234,15130,2018-05-03,2023-09-13
235,235,196041,2020-11-15,2023-02-15
236,236,94095,2020-08-18,2023-06-04
237,237,337417,2018-11-08,2022-10-23
238,238,346448,2017-11-20,2022-07-20
239,239,195779,2019-12-25,2021-01-26
240,240,383353,2020-04-20,2026-12-23
241,241,341131,2018-01-05,2025-09-05
242,242,359321,2020-11-27,2021-10-24
243,243,119404,2019-03-08,2024-09-05
244,244,137226,2019-10-14,2021-07-15
245,245,356765,2016-11-15,2026-10-22
246,246,71105,2019-12-07,2024-05-01
247,247,352389,2018-05-23,2024-01-13
248,248,119496,2019-07-18,2025-05-04
249,249,209857,2018-07-03,2022-09-27
250,250,85755,2016-06-05,2023-12-22
251,251,381884,2020-12-14,2021-04-27
252,252,133500,2019-11-15,2026-05-11
253,253,20319,2016-05-04,2022-05-16
254,254,420298,2019-05-15,2021-04-20
255,255,273186,2016-12-20,2025-12-18
256,256,285889,2016-10-10,2022-01-16
257,257,400273,2019-11-04,2024-05-25
258,258,316976,2019-07-04,2023-09-22
259,259,256661,2017-01-07,2021-04-27
260,260,371909,2016-03-09,2025-12-25
261,261,417428,2020-05-01,2024-11-02
262,262,259375,2020-03-15,2023-03-03
263,263,322069,2016-06-01,2024-07-08
264,264,424326,2018-07-27,2022-03-11
265,265,228114,2020-08-13,2021-08-09
266,266,106977,2016-03-23,2022-12-03
267,267,53410,2020-05-27,2021-12-16
268,268,132407,2017-08-24,2022-10-17
269,269,434910,2019-10-07,2021-09-10
270,270,43062,2020-07-25,2021-04-09
271,271,203450,2018-07-01,2021-11-22
272,272,228332,2019-02-18,2026-03-18
273,273,392221,2016-07-18,2025-07-04
274,274,267085,2016-11-25,2022-10-22
275,275,136422,2016-03-16,2021-12-19
276,276,280827,2020-09-07,2025-12-19
277,277,52728,2017-09-04,2025-03-06
278,278,205238,2019-11-10,2026-10-19
279,279,402768,2017-12-22,2026-03-09
280,280,352748,2017-06-27,2025-02-14
281,281,251061,2019-04-10,2022-11-05
282,282,36199,2016-10-11,2025-04-04
283,283,179412,2018-02-16,2024-10-03
284,284,137796,2019-12-23,2022-07-21
285,285,282213,2018-10-04,2022-09-13
286,286,134172,2018-07-07,2025-07-16
287,287,203541,2018-07-09,2024-02-27
288,288,48048,2017-12-26,2023-09-08
289,289,297382,2019-08-18,2021-09-19
290,290,333654,2018-01-19,2024-01-01
291,291,346537,2016-01-04,2024-07-04
292,292,337151,2019-02-27,2024-07-25
293,293,123563,2018-12-14,2026-03-15
294,294,35469,2018-07-22,2022-08-01
295,295,127646,2020-12-06,2023-06-01
296,296,273837,2020-10-02,2021-07-03
297,297,172184,2018-08-27,2026-08-01
298,298,317716,2017-12-01,2021-04-23
299,299,11566,2017-02-20,2022-09-06
300,300,446931,2020-11-07,2026-06-20
301,301,260487,2016-01-01,2021-01-02
302,302,287406,2020-12-10,2025-09-27
303,303,147156,2020-06-02,2024-04-21
304,304,430099,2020-08-07,2024-10-15
305,305,147992,2016-01-26,2022-12-03
306,306,263724,2020-09-15,2021-04-17
307,307,188657,2018-12-16,2023-04-07
308,308,99766,2016-02-18,2023-01-09
309,309,248819,2017-07-14,2021-05-22
310,310,223416,2019-02-05,2021-09-09
311,311,139506,2019-04-02,2026-04-08
312,312,429188,2018-12-18,2026-11-26
313,313,131733,2017-08-15,2026-07-20
314,314,226111,2016-03-03,2022-11-19
315,315,22467,2019-03-07,2021-08-06
316,316,175286,2017-04-26,2025-10-06
317,317,137804,2017-07-11,2026-07-23
318,318,413346,2020-02-06,2024-08-27
319,319,437211,2017-01-12,2023-08-08
320,320,342259,2017-11-10,2023-09-09
321,321,114702,2018-11-05,2024-09-06
322,322,364569,2018-12-13,2023-10-27
323,323,82047,2018-01-04,2024-07-08
324,324,154161,2017-07-25,2023-09-13
325,325,294147,2019-02-19,2024-06-10
326,326,254586,2020-10-22,2024-12-12
327,327,150749,2016-06-19,2021-08-24
328,328,325311,2019-03-11,2022-10-07
329,329,131570,2020-10-19,2021-10-15
330,330,427733,2018-01-27,2026-12-14
331,331,152300,2016-04-14,2021-12-03
332,332,171049,2018-02-26,2021-08-22
333,333,179656,2019-01-21,2022-10-10
334,334,301310,2017-07-27,2023-10-07
335,335,103884,2016-04-16,2025-12-01
336,336,80650,2018-12-01,2023-06-08
337,337,168640,2017-11-21,2023-05-26
338,338,132093,2020-02-10,2024-11-03
339,339,117108,2017-03-04,2022-02-19
340,340,388577,2019-10-10,2023-10-16
341,341,420260,2016-06-12,2024-06-24
342,342,177282,2016-02-13,2022-10-23
343,343,96120,2020-06-11,2023-08-18
344,344,221255,2020-03-05,2021-06-09
345,345,428034,2019-10-18,2021-04-24
346,346,48919,2020-10-22,2024-11-06
347,347,28840,2016-03-24,2026-11-22
348,348,100055,2019-01-27,2021-10-25
349,349,232665,2019-10-18,2024-10-18
350,350,55552,2019-08-08,2023-05-23
351,351,128383,2017-10-25,2025-11-08
352,352,43922,2018-10-11,2021-02-21
353,353,258657,2016-10-22,2024-12-13
354,354,283303,2019-03-07,2026-04-22
355,355,275264,2017-07-04,2021-08-17
356,356,430821,2016-01-10,2022-07-25
357,357,278409,2020-01-07,2024-06-25
358,358,382676,2018-06-02,2022-09-23
359,359,344686,2016-02-04,2024-02-08
360,360,339102,2020-02-10,2026-06-01
361,361,14183,2020-09-15,2021-09-20
362,362,79610,2016-09-24,2026-10-10
363,363,224890,2017-08-02,2022-09-23
364,364,441220,2016-11-27,2024-08-27
365,365,213467,2020-02-26,2021-03-02
366,366,202179,2018-10-04,2021-06-14
367,367,343808,2016-07-13,2021-03-09
368,368,442441,2019-01-07,2026-05-01
369,369,137008,2018-09-14,2022-09-18
370,370,331850,2019-01-06,2022-01-25
371,371,297108,2018-12-04,2021-07-26
372,372,115049,2018-09-04,2026-06-09
373,373,38383,2016-03-14,2026-04-14
374,374,427826,2017-09-16,2023-03-07
375,375,13925,2020-12-12,2025-03-06
376,376,169015,2017-04-05,2023-09-03
377,377,422752,2018-05-03,2026-04-01
378,378,231220,2017-02-05,2026-09-22
379,379,298488,2018-04-27,2025-03-14
380,380,242796,2017-07-16,2022-08-24
381,381,35398,2017-08-20,2023-11-02
382,382,101000,2020-01-03,2025-03-12
383,383,255640,2019-05-13,2025-09-01
384,384,68267,2019-10-08,2022-03-22
385,385,111196,2019-10-27,2024-07-26
386,386,75059,2017-07-02,2021-12-26
387,387,306429,2018-12-18,2024-08-26
388,388,271801,2019-10-16,2026-01-10
389,389,121557,2019-03-25,2026-06-26
390,390,237133,2020-06-05,2026-09-05
391,391,405516,2017-10-23,2022-10-03
392,392,305166,2016-04-12,2023-11-08
393,393,436814,2017-04-12,2021-07-02
394,394,103813,2016-12-15,2022-10-09
395,395,410896,2019-06-13,2026-01-23
396,396,112543,2016-02-20,2022-06-24
397,397,430905,2019-09-12,2024-02-22
398,398,44065,2018-07-26,2023-09-21
399,399,190248,2017-01-23,2024-08-10
400,400,288322,2016-03-22,2025-10-07
401,401,125236,2019-11-01,2025-12-20
402,402,144052,2018-07-04,2026-01-14
403,403,377666,2020-12-08,2025-06-07
404,404,324860,2020-12-27,2024-06-11
405,405,343038,2017-05-18,2025-05-04
406,406,423977,2019-07-14,2022-06-19
407,407,19877,2016-02-14,2024-12-21
408,408,205500,2016-07-03,2026-12-21
409,409,94615,2018-08-18,2024-07-05
410,410,13505,2017-06-05,2024-11-02
411,411,134835,2017-09-07,2026-09-19
412,412,283919,2017-11-27,2025-12-17
413,413,75614,2020-05-17,2022-06-04
414,414,147479,2016-01-18,2021-02-16
415,415,190588,2019-08-04,2024-03-22
416,416,403214,2017-06-10,2021-11-01
417,417,447604,2017-09-12,2022-01-15
418,418,275035,2018-12-22,2024-06-25
419,419,395462,2019-10-17,2022-07-21
420,420,295134,2017-05-06,2023-03-24
421,421,253177,2018-02-10,2024-10-14
422,422,316640,2016-02-05,2024-04-15
423,423,136509,2017-05-25,2025-12-19
424,424,119370,2017-09-10,2025-06-12
425,425,262399,2016-08-25,2021-04-14
426,426,126646,2018-09-25,2021-09-13
427,427,296267,2018-06-04,2022-12-12
428,428,236820,2016-04-03,2026-07-16
429,429,162180,2017-04-20,2026-11-06
430,430,270229,2016-10-27,2022-07-05
431,431,395308,2016-07-23,2024-03-20
432,432,283647,2018-06-18,2023-04-23
433,433,99853,2019-08-15,2021-10-22
434,434,256834,2020-11-04,2025-10-25
435,435,127990,2020-07-24,2026-07-15
436,436,250988,2017-04-16,2024-03-03
437,437,74452,2020-02-19,2025-10-02
438,438,293868,2019-06-14,2022-06-26
439,439,323271,2019-09-21,2025-02-09
440,440,151012,2018-07-21,2024-08-08
441,441,137877,2017-09-25,2024-02-22
442,442,159984,2020-06-10,2026-06-27
443,443,365480,2020-01-07,2021-11-02
444,444,204001,2020-11-04,2025-12-21
445,445,208960,2016-01-21,2026-08-27
446,446,307673,2020-05-12,2024-01-23
447,447,145176,2018-03-05,2024-09-03
448,448,304190,2020-11-09,2024-04-13
449,449,194342,2020-01-18,2024-01-16
450,450,192133,2016-06-06,2022-03-07
451,451,143078,2020-08-22,2024-02-07
452,452,275116,2016-12-09,2023-07-27
453,453,94028,2019-04-22,2023-07-22
454,454,259582,2019-06-17,2024-11-22
455,455,10867,2019-07-01,2023-01-26
456,456,72998,2019-05-04,2022-05-26
457,457,117628,2020-03-27,2025-02-18
458,458,81857,2018-02-15,2025-09-26
459,459,374673,2020-02-19,2023-04-25
460,460,266349,2018-04-17,2024-05-12
461,461,338201,2018-03-17,2026-10-18
462,462,17731,2020-05-09,2024-06-17
463,463,423776,2016-12-05,2025-04-22
464,464,337016,2020-04-12,2022-10-14
465,465,121288,2019-08-02,2026-06-10
466,466,425361,2017-03-08,2021-08-14
467,467,115097,2020-02-25,2022-05-01
468,468,214896,2018-07-07,2025-11-06
469,469,14970,2020-06-24,2023-05-18
470,470,296701,2019-09-11,2022-04-23
471,471,218170,2016-11-02,2024-09-14
472,472,221595,2020-01-07,2021-04-15
473,473,234380,2019-04-11,2021-11-19
474,474,101026,2017-07-27,2022-08-15
475,475,436482,2020-02-23,2023-04-25
476,476,325125,2018-04-19,2024-09-20
477,477,315277,2020-09-22,2022-12-04
478,478,182436,2020-10-18,2021-07-05
479,479,138195,2019-03-04,2023-08-18
480,480,97756,2017-01-18,2024-08-20
481,481,378319,2018-09-26,2026-04-15
482,482,185643,2020-03-06,2022-03-16
483,483,232710,2019-05-12,2024-06-21
484,484,128446,2019-07-13,2026-08-14
485,485,43276,2019-09-09,2023-05-14
486,486,248339,2016-11-11,2025-05-18
487,487,292287,2016-02-04,2026-04-02
488,488,303588,2017-09-11,2024-08-19
489,489,247339,2020-11-02,2023-06-15
490,490,313453,2017-10-12,2021-01-18
491,491,49119,2016-11-21,2026-07-08
492,492,260512,2019-05-18,2026-11-23
493,493,310354,2019-02-25,2024-08-21
494,494,419873,2017-02-09,2021-02-16
495,495,112461,2020-12-20,2023-02-21
496,496,10925,2017-07-24,2024-03-12
497,497,119005,2017-07-24,2022-02-01
498,498,13917,2020-07-16,2026-06-17
499,499,342926,2020-01-04,2024-11-05
500,500,330856,2018-10-21,2021-01-19
501,501,13259,2020-04-16,2024-08-24
502,502,292848,2016-04-16,2023-05-14
503,503,272144,2020-05-20,2021-09-07
504,504,178420,2017-02-05,2023-05-05
505,505,68944,2016-03-08,2026-03-07
506,506,34974,2018-03-04,2023-03-20
507,507,270771,2016-06-16,2023-03-23
508,508,129048,2019-12-18,2025-12-02
509,509,181430,2020-10-05,2024-06-25
510,510,218030,2018-01-27,2026-09-24
511,511,53384,2017-08-22,2022-11-12
512,512,351555,2020-09-02,2023-09-26
513,513,332906,2019-02-26,2026-07-23
514,514,140404,2019-05-08,2022-05-07
515,515,106096,2018-04-07,2022-02-04
516,516,385955,2020-12-21,2023-03-10
517,517,331643,2016-05-22,2023-01-15
518,518,36594,2020-05-09,2021-05-26
519,519,70799,2019-09-25,2022-03-21
520,520,120977,2018-01-06,2025-04-06
521,521,291985,2020-06-14,2023-06-05
522,522,93792,2016-03-01,2024-08-27
523,523,199468,2020-02-13,2022-10-14
524,524,433863,2020-04-18,2022-12-26
525,525,264829,2018-01-25,2024-12-08
526,526,24610,2016-12-06,2024-04-10
527,527,186252,2020-09-19,2024-02-10
528,528,134437,2020-03-09,2025-08-04
529,529,371650,2017-11-23,2024-09-15
530,530,319312,2020-02-27,2025-05-01
531,531,263759,2017-05-23,2025-01-04
532,532,431788,2016-09-09,2026-11-08
533,533,249988,2016-04-18,2024-09-11
534,534,127890,2018-02-03,2026-02-09
535,535,424964,2019-08-10,2026-04-27
536,536,255165,2016-03-08,2022-03-03
537,537,411736,2016-11-12,2021-04-09
538,538,223190,2019-06-24,2026-07-12
539,539,323722,2020-09-13,2022-10-13
540,540,235521,2017-12-19,2024-09-14
541,541,309933,2020-02-05,2021-12-22
542,542,428698,2016-03-08,2025-05-08
543,543,329052,2019-10-14,2024-08-22
544,544,385521,2016-06-02,2025-12-14
545,545,120797,2020-05-12,2024-03-23
546,546,386751,2018-12-04,2026-07-20
547,547,443331,2019-05-23,2021-03-07
548,548,67278,2019-05-18,2021-09-27
549,549,420076,2017-03-02,2026-03-26
550,550,132053,2020-08-06,2021-05-01
551,551,424900,2016-02-20,2024-07-10
552,552,146758,2017-07-08,2021-04-19
553,553,358448,2018-03-01,2026-12-22
554,554,197603,2019-09-02,2021-09-19
555,555,83365,2018-08-06,2024-02-12
556,556,50538,2016-09-04,2024-09-27
557,557,143466,2016-02-17,2025-05-11
558,558,159381,2019-04-06,2022-08-13
559,559,431891,2018-04-14,2025-03-05
560,560,355222,2020-02-25,2022-04-18
561,561,185427,2020-12-05,2026-05-22
562,562,360588,2017-07-02,2024-04-10
563,563,119661,2018-03-20,2025-10-06
564,564,143189,2016-08-11,2026-03-21
565,565,207134,2017-06-04,2024-12-07
566,566,440425,2019-09-18,2021-01-10
567,567,69660,2018-11-21,2023-05-17
568,568,278857,2018-11-16,2023-05-26
569,569,410484,2016-04-03,2022-08-23
570,570,224493,2016-02-03,2024-08-17
571,571,116175,2016-06-22,2026-11-01
572,572,100373,2020-06-05,2024-04-13
573,573,93493,2019-12-25,2025-08-19
574,574,152687,2020-03-02,2024-07-12
575,575,254703,2016-06-06,2025-06-02
576,576,261966,2018-02-10,2022-07-25
577,577,204489,2017-12-04,2026-09-22
578,578,114321,2017-10-20,2022-06-07
579,579,347310,2019-03-27,2023-05-05
580,580,209811,2017-02-23,2026-12-07
581,581,47955,2017-11-13,2025-12-21
582,582,23415,2020-01-14,2022-04-03
583,583,77500,2017-09-25,2023-04-06
584,584,232897,2016-07-11,2024-12-19
585,585,162779,2018-12-04,2023-11-27
586,586,378273,2016-02-16,2026-09-06
587,587,190554,2018-12-10,2026-05-21
588,588,130682,2019-05-26,2022-06-09
589,589,443085,2018-03-21,2026-04-20
590,590,378102,2017-07-18,2022-07-17
591,591,17428,2017-02-06,2023-04-08
592,592,275643,2018-10-10,2026-11-04
593,593,214112,2020-04-09,2021-06-19
594,594,172375,2017-10-16,2022-01-08
595,595,273409,2017-03-26,2024-12-14
596,596,46033,2019-06-20,2022-04-01
597,597,331782,2019-03-15,2022-12-06
598,598,210597,2016-12-27,2025-05-16
599,599,83466,2019-08-08,2022-07-12
600,600,247063,2018-04-21,2021-09-23
601,601,146786,2018-12-22,2024-09-17
602,602,319729,2018-01-22,2022-11-19
603,603,134970,2016-08-03,2021-03-20
604,604,236701,2016-12-15,2021-01-17
605,605,333650,2019-05-05,2023-06-10
606,606,112465,2020-05-05,2022-09-10
607,607,227815,2019-03-13,2026-08-20
608,608,267896,2016-01-26,2023-03-15
609,609,350064,2018-12-01,2022-05-24
610,610,421035,2017-03-13,2023-09-14
611,611,301206,2019-01-22,2024-02-16
612,612,133353,2020-03-17,2024-02-15
613,613,276977,2018-10-01,2025-02-01
614,614,10402,2017-09-06,2024-03-01
615,615,180232,2019-07-07,2025-02-21
616,616,50614,2016-05-09,2021-06-02
617,617,121730,2019-01-17,2023-12-14
618,618,226955,2019-03-25,2026-08-12
619,619,284000,2019-05-12,2025-04-13
620,620,96282,2017-01-06,2023-07-25
621,621,412540,2017-04-03,2022-05-06
622,622,442150,2016-05-08,2026-04-11
623,623,427387,2018-04-13,2023-04-20
624,624,57879,2019-06-26,2026-01-11
625,625,300481,2017-10-08,2021-03-22
626,626,400853,2017-08-23,2026-10-22
627,627,128109,2019-06-04,2022-12-09
628,628,173395,2019-12-11,2022-02-24
629,629,167478,2016-11-27,2022-10-02
630,630,228328,2017-01-17,2021-07-10
631,631,434883,2016-09-02,2024-08-09
632,632,53820,2020-05-07,2023-03-10
633,633,306525,2019-05-22,2021-11-19
634,634,226899,2020-05-26,2023-09-25
635,635,211081,2020-11-17,2022-03-27
636,636,252963,2019-08-22,2022-10-23
637,637,241916,2016-04-02,2023-11-02
638,638,151861,2017-04-12,2021-11-11
639,639,261107,2019-03-13,2026-04-06
640,640,334788,2019-05-24,2022-11-19
641,641,274583,2017-12-25,2023-05-17
642,642,131402,2016-09-03,2021-01-15
643,643,117999,2016-01-03,2022-02-07
644,644,50566,2016-01-15,2021-12-16
645,645,418435,2019-11-12,2024-12-17
646,646,206446,2018-12-01,2024-02-14
647,647,353547,2018-06-12,2023-11-27
648,648,211454,2020-03-26,2025-12-24
649,649,105630,2019-03-18,2022-02-09
650,650,253683,2017-02-08,2025-09-24
651,651,167633,2017-01-08,2022-11-09
652,652,234862,2018-12-10,2021-10-13
653,653,162118,2019-12-18,2021-03-11
654,654,397109,2019-11-14,2021-12-07
655,655,424578,2018-10-24,2026-02-27
656,656,126038,2020-12-20,2026-01-01
657,657,311008,2020-10-01,2021-10-15
658,658,38844,2019-02-02,2023-08-10
659,659,117883,2020-05-26,2025-01-04
660,660,245633,2016-02-23,2025-10-26
661,661,206065,2019-03-09,2022-04-01
662,662,163950,2016-02-11,2021-02-07
663,663,409747,2018-09-04,2022-08-19
664,664,28129,2016-09-07,2025-04-27
665,665,257092,2017-12-19,2026-12-17
666,666,432652,2020-06-01,2021-04-14
667,667,143689,2019-08-26,2022-01-25
668,668,146673,2017-10-10,2026-03-05
669,669,183473,2018-07-02,2021-11-26
670,670,420490,2016-10-05,2024-07-24
671,671,297497,2016-04-09,2026-07-25
672,672,303634,2018-07-08,2026-09-24
673,673,339660,2018-02-25,2026-06-01
674,674,78599,2018-12-12,2024-12-08
675,675,106947,2019-09-10,2025-10-08
676,676,246719,2020-01-08,2024-01-15
677,677,426104,2016-06-22,2024-09-13
678,678,375292,2017-05-13,2023-10-19
679,679,328526,2018-08-16,2021-09-21
680,680,157815,2016-10-22,2021-03-08
681,681,374921,2016-08-19,2026-12-18
682,682,372398,2017-03-22,2022-12-06
683,683,87079,2019-06-17,2021-12-06
684,684,118938,2016-04-08,2026-11-08
685,685,378794,2016-04-26,2025-10-24
686,686,186938,2018-11-09,2025-12-12
687,687,404939,2018-10-08,2023-08-19
688,688,426039,2016-09-16,2021-01-08
689,689,313573,2017-01-03,2021-03-24
690,690,447651,2020-06-10,2021-09-20
691,691,429039,2019-05-02,2023-05-05
692,692,359585,2016-04-22,2026-07-17
693,693,219994,2016-07-03,2021-09-22
694,694,298613,2017-12-25,2026-10-14
695,695,392139,2020-03-25,2024-04-19
696,696,267404,2019-10-02,2022-04-24
697,697,36889,2017-10-08,2023-03-05
698,698,27342,2020-03-14,2023-01-21
699,699,408165,2016-10-08,2026-01-07
700,700,394348,2016-07-03,2024-12-11
701,701,149641,2018-05-25,2026-02-13
702,702,196008,2016-11-21,2026-07-02
703,703,204524,2018-07-10,2023-10-19
704,704,196358,2020-12-12,2026-10-04
705,705,305420,2020-10-22,2023-10-18
706,706,393619,2016-04-21,2022-11-03
707,707,51133,2017-09-26,2026-07-07
708,708,390495,2016-02-14,2022-06-05
709,709,419493,2016-12-24,2025-09-13
710,710,86492,2016-06-15,2021-08-12
711,711,206169,2018-08-20,2025-04-17
712,712,241741,2018-02-18,2025-11-17
713,713,10771,2020-05-06,2023-10-03
714,714,291007,2017-04-23,2024-04-10
715,715,321187,2017-03-12,2024-08-02
716,716,405423,2020-01-25,2022-06-27
717,717,449980,2019-09-12,2026-04-16
718,718,284981,2016-09-25,2026-01-03
719,719,141401,2017-12-05,2023-01-06
720,720,52687,2019-05-22,2024-11-09
721,721,326328,2017-08-12,2021-09-19
722,722,145831,2018-05-19,2025-06-04
723,723,281808,2019-12-01,2023-03-25
724,724,97314,2020-08-24,2024-07-23
725,725,304824,2019-03-27,2024-03-27
726,726,160728,2018-02-01,2026-08-15
727,727,46141,2016-09-20,2025-03-24
728,728,115885,2016-12-01,2022-06-24
729,729,267515,2019-08-13,2021-06-20
730,730,426401,2020-03-24,2026-10-11
731,731,134625,2020-10-04,2025-12-13
732,732,51781,2020-02-14,2021-01-27
733,733,344197,2016-01-21,2026-01-18
734,734,169023,2018-03-14,2026-05-03
735,735,281307,2016-06-16,2022-04-20
736,736,246422,2020-03-18,2023-06-10
737,737,411741,2016-04-22,2022-02-22
738,738,305038,2020-08-23,2024-05-21
739,739,344366,2020-02-26,2021-04-21
740,740,269950,2016-08-27,2021-02-23
741,741,317079,2018-04-27,2021-05-08
742,742,432274,2018-05-14,2026-10-16
743,743,55103,2018-11-11,2023-11-27
744,744,32764,2017-04-25,2023-10-15
745,745,293204,2016-11-01,2022-11-07
746,746,172135,2017-11-01,2025-08-20
747,747,354409,2020-06-02,2021-06-27
748,748,146494,2018-01-11,2026-07-14
749,749,346321,2016-11-09,2024-06-13
750,750,415594,2017-05-16,2025-02-22
751,751,21234,2020-04-13,2022-06-10
752,752,87349,2016-01-18,2026-05-11
753,753,414632,2018-11-11,2026-12-04
754,754,199087,2020-06-12,2022-02-26
755,755,232631,2017-05-10,2021-11-07
756,756,244982,2017-03-08,2023-11-01
757,757,134382,2019-11-23,2023-05-07
758,758,259896,2020-09-06,2021-12-02
759,759,38750,2019-07-19,2025-10-12
760,760,240772,2017-12-21,2022-10-06
761,761,261287,2016-09-10,2023-07-07
762,762,268075,2019-10-14,2026-10-07
763,763,398685,2020-12-10,2024-04-05
764,764,93543,2016-09-20,2021-03-20
765,765,297793,2016-02-21,2023-12-20
766,766,169335,2017-05-19,2026-04-06
767,767,340270,2020-09-07,2022-11-16
768,768,89883,2019-12-13,2023-10-11
769,769,140488,2020-05-09,2022-01-11
770,770,22493,2019-09-25,2022-02-17
771,771,448087,2017-08-11,2023-05-07
772,772,418358,2020-09-26,2026-11-06
773,773,441109,2020-09-11,2021-01-15
774,774,300124,2018-09-06,2025-05-12
775,775,295403,2020-10-15,2024-05-20
776,776,243419,2019-02-02,2024-12-21
777,777,326833,2016-06-02,2021-04-16
778,778,175768,2017-12-03,2025-04-05
779,779,335593,2017-01-24,2024-10-18
780,780,243208,2020-08-14,2024-12-04
781,781,244763,2016-06-27,2021-02-21
782,782,398609,2019-11-01,2021-12-24
783,783,27721,2016-01-03,2023-07-01
784,784,226404,2018-03-20,2026-07-03
785,785,107268,2016-02-18,2022-05-23
786,786,207517,2017-01-13,2024-06-05
787,787,432231,2016-12-04,2025-09-08
788,788,97155,2017-10-16,2022-05-03
789,789,30143,2017-01-03,2021-06-23
790,790,14271,2020-05-01,2021-07-06
791,791,98175,2016-07-22,2024-12-01
792,792,204460,2018-07-25,2023-03-02
793,793,306112,2018-02-12,2024-06-01
794,794,297661,2018-11-10,2021-09-21
795,795,114503,2018-12-02,2021-11-22
796,796,419773,2019-06-25,2022-09-16
797,797,269024,2020-04-13,2025-02-16
798,798,357740,2017-02-27,2024-12-27
799,799,183718,2018-03-25,2022-10-26
800,800,100520,2017-09-15,2026-08-04
